{"websiteUri":"https://www.northwell.edu/find-care/find-a-doctor/neurology/dr-souhel-najjar-md-11363999?utm_source=provider_listing&utm_medium=partner&utm_campaign=doctor_dot_com","types":["doctor","health","point_of_interest","establishment"],"internationalPhoneNumber":"+1 212-434-6400","iconMaskBaseUri":"https://maps.gstatic.com/mapfiles/place_api/icons/v2/generic_pinlet","accessibilityOptions":{"wheelchairAccessibleEntrance":true,"wheelchairAccessibleRestroom":true},"googleMapsUri":"https://maps.google.com/?cid=9517798295852915133","nationalPhoneNumber":"(212) 434-6400","primaryTypeDisplayName":{"languageCode":"en-US","text":"Doctor"},"name":"places/ChIJs-Zuq_BMwokRvZkhZB8DFoQ","location":{"latitude":40.772832099999995,"longitude":-73.95871559999999},"iconBackgroundColor":"#7B9EB0","addressComponents":[{"types":["street_number"],"languageCode":"en-US","longText":"176","shortText":"176"},{"types":["route"],"languageCode":"en","longText":"East 77th Street","shortText":"E 77th St"},{"types":["sublocality_level_1","sublocality","political"],"languageCode":"en","longText":"Manhattan","shortText":"Manhattan"},{"types":["locality","political"],"languageCode":"en","longText":"New York","shortText":"New York"},{"types":["administrative_area_level_2","political"],"languageCode":"en","longText":"New York County","shortText":"New York County"},{"types":["administrative_area_level_1","political"],"languageCode":"en","longText":"New York","shortText":"NY"},{"types":["country","political"],"languageCode":"en","longText":"United States","shortText":"US"},{"types":["postal_code"],"languageCode":"en-US","longText":"10075","shortText":"10075"}],"id":"ChIJs-Zuq_BMwokRvZkhZB8DFoQ","utcOffsetMinutes":-300,"displayName":{"languageCode":"en","text":"Souhel Najjar, MD"},"primaryType":"doctor","formattedAddress":"176 E 77th St, New York, NY 10075, USA","restroom":true,"photos":[{"name":"places/ChIJs-Zuq_BMwokRvZkhZB8DFoQ/photos/ATplDJaVdQLtCWVmAPVESwUNXbXjKgM_5oydIO3Fy4FhtEaRf6tFqRtMjQzBznrFrN_BYcsHc6TUJME_t485DUMcx63UsYag5A9LlGdmn_yXFFXToz4kQbz_Qj13p7-sCZJ1JO9JwVw2NkoO9ghEhiV3oPYi-YOkfYxywOzv","widthPx":720,"heightPx":405,"authorAttributions":[{"photoUri":"//lh3.googleusercontent.com/a-/ALV-UjUv4HV8V2cvDSfW-g2lpiRfsvbobGscgdePrOKnDOjiRfo=s100-p-k-no-mo","uri":"//maps.google.com/maps/contrib/107142692430977118028","displayName":"Souhel Najjar, MD"}]}],"regularOpeningHours":{"openNow":false,"periods":[{"open":{"day":1,"hour":9,"minute":0},"close":{"day":1,"hour":17,"minute":0}},{"open":{"day":2,"hour":9,"minute":0},"close":{"day":2,"hour":17,"minute":0}},{"open":{"day":3,"hour":9,"minute":0},"close":{"day":3,"hour":17,"minute":0}},{"open":{"day":4,"hour":9,"minute":0},"close":{"day":4,"hour":17,"minute":0}},{"open":{"day":5,"hour":9,"minute":0},"close":{"day":5,"hour":17,"minute":0}}],"weekdayDescriptions":["Monday: 9:00 AM – 5:00 PM","Tuesday: 9:00 AM – 5:00 PM","Wednesday: 9:00 AM – 5:00 PM","Thursday: 9:00 AM – 5:00 PM","Friday: 9:00 AM – 5:00 PM","Saturday: Closed","Sunday: Closed"]},"plusCode":{"globalCode":"87G8Q2FR+4G","compoundCode":"Q2FR+4G New York, NY, USA"},"adrFormatAddress":"<span class=\"street-address\">176 E 77th St</span>, <span class=\"locality\">New York</span>, <span class=\"region\">NY</span> <span class=\"postal-code\">10075</span>, <span class=\"country-name\">USA</span>","viewport":{"high":{"latitude":40.774125830291496,"longitude":-73.95723251970848},"low":{"latitude":40.7714278697085,"longitude":-73.9599304802915}},"businessStatus":"OPERATIONAL","currentOpeningHours":{"openNow":false,"periods":[{"open":{"day":1,"hour":9,"date":{"day":19,"month":2,"year":2024},"minute":0},"close":{"day":1,"hour":17,"date":{"day":19,"month":2,"year":2024},"minute":0}},{"open":{"day":2,"hour":9,"date":{"day":20,"month":2,"year":2024},"minute":0},"close":{"day":2,"hour":17,"date":{"day":20,"month":2,"year":2024},"minute":0}},{"open":{"day":3,"hour":9,"date":{"day":21,"month":2,"year":2024},"minute":0},"close":{"day":3,"hour":17,"date":{"day":21,"month":2,"year":2024},"minute":0}},{"open":{"day":4,"hour":9,"date":{"day":22,"month":2,"year":2024},"minute":0},"close":{"day":4,"hour":17,"date":{"day":22,"month":2,"year":2024},"minute":0}},{"open":{"day":5,"hour":9,"date":{"day":23,"month":2,"year":2024},"minute":0},"close":{"day":5,"hour":17,"date":{"day":23,"month":2,"year":2024},"minute":0}}],"weekdayDescriptions":["Monday: 9:00 AM – 5:00 PM","Tuesday: 9:00 AM – 5:00 PM","Wednesday: 9:00 AM – 5:00 PM","Thursday: 9:00 AM – 5:00 PM","Friday: 9:00 AM – 5:00 PM","Saturday: Closed","Sunday: Closed"]},"shortFormattedAddress":"176 E 77th St, New York"}