{"types":["accounting","finance","consultant","point_of_interest","establishment"],"internationalPhoneNumber":"+1 212-677-3717","iconMaskBaseUri":"https://maps.gstatic.com/mapfiles/place_api/icons/v2/generic_pinlet","accessibilityOptions":{"wheelchairAccessibleRestroom":true},"googleMapsUri":"https://maps.google.com/?cid=6597221591975722387","nationalPhoneNumber":"(212) 677-3717","primaryTypeDisplayName":{"languageCode":"en-US","text":"Consultant"},"name":"places/ChIJFbHeXJlZwokRk_0_lhUKjls","location":{"latitude":40.7319645,"longitude":-73.9901462},"iconBackgroundColor":"#7B9EB0","addressComponents":[{"types":["locality","political"],"languageCode":"en","longText":"New York","shortText":"New York"},{"types":["sublocality_level_1","sublocality","political"],"languageCode":"en","longText":"Manhattan","shortText":"Manhattan"},{"types":["administrative_area_level_2","political"],"languageCode":"en","longText":"New York County","shortText":"New York County"},{"types":["administrative_area_level_1","political"],"languageCode":"en","longText":"New York","shortText":"NY"},{"types":["country","political"],"languageCode":"en","longText":"United States","shortText":"US"},{"types":["postal_code"],"languageCode":"en-US","longText":"10276","shortText":"10276"}],"id":"ChIJFbHeXJlZwokRk_0_lhUKjls","utcOffsetMinutes":-300,"displayName":{"languageCode":"en","text":"foxytronic"},"primaryType":"consultant","formattedAddress":"New York, NY 10276, USA","restroom":true,"regularOpeningHours":{"openNow":false,"periods":[{"open":{"day":1,"hour":9,"minute":0},"close":{"day":1,"hour":17,"minute":30}},{"open":{"day":2,"hour":9,"minute":0},"close":{"day":2,"hour":17,"minute":30}},{"open":{"day":3,"hour":9,"minute":0},"close":{"day":3,"hour":17,"minute":30}},{"open":{"day":4,"hour":9,"minute":0},"close":{"day":4,"hour":17,"minute":30}},{"open":{"day":5,"hour":9,"minute":0},"close":{"day":5,"hour":17,"minute":30}}],"weekdayDescriptions":["Monday: 9:00 AM – 5:30 PM","Tuesday: 9:00 AM – 5:30 PM","Wednesday: 9:00 AM – 5:30 PM","Thursday: 9:00 AM – 5:30 PM","Friday: 9:00 AM – 5:30 PM","Saturday: Closed","Sunday: Closed"]},"adrFormatAddress":"<span class=\"locality\">New York</span>, <span class=\"region\">NY</span> <span class=\"postal-code\">10276</span>, <span class=\"country-name\">USA</span>","viewport":{"high":{"latitude":40.733332780291505,"longitude":-73.9887913197085},"low":{"latitude":40.730634819708506,"longitude":-73.9914892802915}},"businessStatus":"OPERATIONAL","currentOpeningHours":{"openNow":false,"periods":[{"open":{"day":1,"hour":9,"date":{"day":19,"month":2,"year":2024},"minute":0},"close":{"day":1,"hour":17,"date":{"day":19,"month":2,"year":2024},"minute":30}},{"open":{"day":2,"hour":9,"date":{"day":20,"month":2,"year":2024},"minute":0},"close":{"day":2,"hour":17,"date":{"day":20,"month":2,"year":2024},"minute":30}},{"open":{"day":3,"hour":9,"date":{"day":21,"month":2,"year":2024},"minute":0},"close":{"day":3,"hour":17,"date":{"day":21,"month":2,"year":2024},"minute":30}},{"open":{"day":4,"hour":9,"date":{"day":22,"month":2,"year":2024},"minute":0},"close":{"day":4,"hour":17,"date":{"day":22,"month":2,"year":2024},"minute":30}},{"open":{"day":5,"hour":9,"date":{"day":23,"month":2,"year":2024},"minute":0},"close":{"day":5,"hour":17,"date":{"day":23,"month":2,"year":2024},"minute":30}}],"weekdayDescriptions":["Monday: 9:00 AM – 5:30 PM","Tuesday: 9:00 AM – 5:30 PM","Wednesday: 9:00 AM – 5:30 PM","Thursday: 9:00 AM – 5:30 PM","Friday: 9:00 AM – 5:30 PM","Saturday: Closed","Sunday: Closed"]},"shortFormattedAddress":"New York"}