{"websiteUri":"http://www.zipcar.com/","types":["point_of_interest","establishment"],"rating":4,"internationalPhoneNumber":"+1 866-494-7227","iconMaskBaseUri":"https://maps.gstatic.com/mapfiles/place_api/icons/v2/generic_pinlet","googleMapsUri":"https://maps.google.com/?cid=7198521016054492801","nationalPhoneNumber":"(866) 494-7227","name":"places/ChIJrdb02_JZwokRga4chrlI5mM","location":{"latitude":40.715399999999995,"longitude":-73.9806},"iconBackgroundColor":"#7B9EB0","addressComponents":[{"types":["street_number"],"languageCode":"en-US","longText":"24","shortText":"24"},{"types":["route"],"languageCode":"en","longText":"Columbia Street","shortText":"Columbia St"},{"types":["sublocality_level_1","sublocality","political"],"languageCode":"en","longText":"Manhattan","shortText":"Manhattan"},{"types":["locality","political"],"languageCode":"en","longText":"New York","shortText":"New York"},{"types":["administrative_area_level_2","political"],"languageCode":"en","longText":"New York County","shortText":"New York County"},{"types":["administrative_area_level_1","political"],"languageCode":"en","longText":"New York","shortText":"NY"},{"types":["country","political"],"languageCode":"en","longText":"United States","shortText":"US"},{"types":["postal_code"],"languageCode":"en-US","longText":"10002","shortText":"10002"}],"id":"ChIJrdb02_JZwokRga4chrlI5mM","utcOffsetMinutes":-300,"displayName":{"languageCode":"en","text":"Zipcar Location"},"formattedAddress":"24 Columbia St, New York, NY 10002, USA","regularOpeningHours":{"openNow":true,"periods":[{"open":{"day":0,"hour":0,"minute":0}}],"weekdayDescriptions":["Monday: Open 24 hours","Tuesday: Open 24 hours","Wednesday: Open 24 hours","Thursday: Open 24 hours","Friday: Open 24 hours","Saturday: Open 24 hours","Sunday: Open 24 hours"]},"plusCode":{"globalCode":"87G8P289+5Q","compoundCode":"P289+5Q New York, NY, USA"},"adrFormatAddress":"<span class=\"street-address\">24 Columbia St</span>, <span class=\"locality\">New York</span>, <span class=\"region\">NY</span> <span class=\"postal-code\">10002</span>, <span class=\"country-name\">USA</span>","userRatingCount":1,"reviews":[{"name":"places/ChIJrdb02_JZwokRga4chrlI5mM/reviews/ChZDSUhNMG9nS0VJQ0FnSURhd2Vmb1NBEAE","rating":4,"authorAttribution":{"photoUri":"https://lh3.googleusercontent.com/a/ACg8ocKQ6bQCwy7vYFvNr7mDCk5Gg9x5Q_7Y8NPAPnlXWlVzwQ=s128-c0x00000000-cc-rp-mo-ba4","uri":"https://www.google.com/maps/contrib/112982200560552176200/reviews","displayName":"domingo santana"},"relativePublishTimeDescription":"2 years ago","publishTime":"2021-08-23T16:46:59Z"}],"viewport":{"high":{"latitude":40.71685658029149,"longitude":-73.97948836970849},"low":{"latitude":40.71415861970849,"longitude":-73.9821863302915}},"businessStatus":"OPERATIONAL","currentOpeningHours":{"openNow":true,"periods":[{"open":{"day":6,"truncated":true,"hour":0,"date":{"day":17,"month":2,"year":2024},"minute":0},"close":{"day":5,"truncated":true,"hour":23,"date":{"day":23,"month":2,"year":2024},"minute":59}}],"weekdayDescriptions":["Monday: Open 24 hours","Tuesday: Open 24 hours","Wednesday: Open 24 hours","Thursday: Open 24 hours","Friday: Open 24 hours","Saturday: Open 24 hours","Sunday: Open 24 hours"]},"shortFormattedAddress":"24 Columbia St, New York"}